<?xml version="1.0" encoding="utf-8"?>
<!--/15248341/1137589/2.50/2/2/Resistor/-->
<quadcept_library>
  <setting unit="mil" />
  <textstyle name="Default" height="47.244094488189" strokewidth="7.8740157480315" charwidth="47.244094488189" />
  <textstyle name="Dimension" height="19.6850393700787" strokewidth="0" charwidth="19.6850393700787" />
  <textstyle name="H127W0635TH00762" height="50" strokewidth="3" charwidth="25" />
  <textstyle name="H15W15TH02" height="59.0551181102362" strokewidth="7.8740157480315" charwidth="59.0551181102362" />
  <padstyle name="r290_130" surface="True" plated="False" isvia="False" nopaste="False" nomask="True" complex="False" holesize="0">
    <padshape layer="TOP" shape="rectangle" width="51.181102362204" height="114.17322834646" />
    <padshape layer="TOP_SOLDER_MASK" shape="rectangle" width="59.055118110235" height="122.04724409449" />
    <padshape layer="TOP_SOLDER_PASTE" shape="rectangle" width="51.181102362204" height="114.17322834646" />
  </padstyle>
  <footprint name="ERJS12_U12_(1812)" originx="0" originy="0" pickpointx="0" pickpointy="0">
    <pcbpin number="1" name="1" style="r290_130" originx="-94.488188976377" originy="0" rotation="0" />
    <pcbpin number="2" name="2" style="r290_130" originx="94.488188976377" originy="0" rotation="0" />
    <line layer="TOP_ASSEMBLY" originx="-88.582677165353" originy="62.992125984251" endx="88.582677165353" endy="62.992125984251" width="7.8740157480314" />
    <line layer="TOP_ASSEMBLY" originx="88.582677165353" originy="62.992125984251" endx="88.582677165353" endy="-62.992125984251" width="7.8740157480314" />
    <line layer="TOP_ASSEMBLY" originx="88.582677165353" originy="-62.992125984251" endx="-88.582677165353" endy="-62.992125984251" width="7.8740157480314" />
    <line layer="TOP_ASSEMBLY" originx="-88.582677165353" originy="-62.992125984251" endx="-88.582677165353" endy="62.992125984251" width="7.8740157480314" />
    <arc layer="TOP_SILKSCREEN" originx="-137.79527559055" originy="0" startangle="180" sweepangle="180" radius="1.9685039370079" width="7.8740157480314" />
    <arc layer="TOP_SILKSCREEN" originx="-137.79527559055" originy="0" startangle="180" sweepangle="-180" radius="1.9685039370079" width="7.8740157480314" />
    <line layer="TOP_PLACE_BOUND" originx="-173.22834645669" originy="102.36220472441" endx="151.5748031496" endy="102.36220472441" width="1.9685039370079" />
    <line layer="TOP_PLACE_BOUND" originx="151.5748031496" originy="102.36220472441" endx="151.5748031496" endy="-102.36220472441" width="1.9685039370079" />
    <line layer="TOP_PLACE_BOUND" originx="151.5748031496" originy="-102.36220472441" endx="-173.22834645669" endy="-102.36220472441" width="1.9685039370079" />
    <line layer="TOP_PLACE_BOUND" originx="-173.22834645669" originy="-102.36220472441" endx="-173.22834645669" endy="102.36220472441" width="1.9685039370079" />
  </footprint>
  <symbol name="ERJ-U12F5600U" originx="0" originy="0">
    <line originx="200" originy="50" endx="500" endy="50" width="0" />
    <line originx="500" originy="-50" endx="500" endy="50" width="0" />
    <line originx="500" originy="-50" endx="200" endy="-50" width="0" />
    <line originx="200" originy="50" endx="200" endy="-50" width="0" />
    <sympin number="1" originx="200" originy="0" rotation="180" length="100" width="7.8740157480315" flipped="False">
      <text name="pinname" originx="0" originy="-10" style="Default" rotation="0" justify="upperleft" flipped="False" hidden="True" data="1" />
      <text name="pindes" originx="0" originy="10" style="Default" rotation="0" justify="lowerleft" flipped="False" hidden="False" data="1" />
    </sympin>
    <sympin number="2" originx="500" originy="0" rotation="0" length="100" width="7.8740157480315" flipped="False">
      <text name="pinname" originx="700" originy="-10" style="Default" rotation="0" justify="upperright" flipped="False" hidden="True" data="2" />
      <text name="pindes" originx="700" originy="10" style="Default" rotation="0" justify="lowerright" flipped="False" hidden="False" data="2" />
    </sympin>
  </symbol>
  <component name="ERJ-U12F5600U" designatorprefix="R" height="27.55905511811" footprint="ERJS12_U12_(1812)">
    <comppin designator="1" sympin="1" pinswap="0" gateswap="0" gate="1" group="1" side="" type="Any" name="1" />
    <comppin designator="2" sympin="2" pinswap="0" gateswap="0" gate="1" group="1" side="" type="Any" name="2" />
    <attached_symbol gate="1" name="ERJ-U12F5600U" />
    <pinmap designator="1" footprintpin="1" />
    <pinmap designator="2" footprintpin="2" />
    <text name="Datasheet" originx="0" originy="0" style="Default" rotation="0" justify="" flipped="False" hidden="True" data="http://industrial.panasonic.com/cdbs/www-data/pdf/RDP0000/AOA0000C334.pdf" />
    <text name="Description" originx="0" originy="0" style="Default" rotation="0" justify="" flipped="False" hidden="True" data="Anti-Sulfurated Thick Film Chip Resistor, 1812, 0.75W" />
    <text name="Mouser Part Number" originx="0" originy="0" style="Default" rotation="0" justify="" flipped="False" hidden="True" data="" />
    <text name="Mouser Price/Stock" originx="0" originy="0" style="Default" rotation="0" justify="" flipped="False" hidden="True" data="" />
    <text name="Manufacturer_Name" originx="0" originy="0" style="Default" rotation="0" justify="" flipped="False" hidden="True" data="Panasonic" />
    <text name="Manufacturer_Part_Number" originx="550" originy="150" style="Default" rotation="0" justify="left" flipped="False" hidden="False" data="ERJ-U12F5600U" />
  </component>
</quadcept_library>
