<?xml version="1.0" encoding="utf-8"?>
<!--/362743/1137589/2.50/2/2/Capacitor Polarised/-->
<quadcept_library>
  <setting unit="mil" />
  <textstyle name="Default" height="47.244094488189" strokewidth="7.8740157480315" charwidth="47.244094488189" />
  <textstyle name="Dimension" height="19.6850393700787" strokewidth="0" charwidth="19.6850393700787" />
  <textstyle name="H127W0635TH00762" height="50" strokewidth="3" charwidth="25" />
  <textstyle name="H15W15TH02" height="59.0551181102362" strokewidth="7.8740157480315" charwidth="59.0551181102362" />
  <padstyle name="r243_237" surface="True" plated="False" isvia="False" nopaste="False" nomask="True" complex="False" holesize="0">
    <padshape layer="TOP" shape="rectangle" width="93.307086614172" height="95.669291338582" />
    <padshape layer="TOP_SOLDER_MASK" shape="rectangle" width="101.1811023622" height="103.54330708661" />
    <padshape layer="TOP_SOLDER_PASTE" shape="rectangle" width="93.307086614172" height="95.669291338582" />
  </padstyle>
  <footprint name="T491X" originx="0" originy="0" pickpointx="0" pickpointy="0">
    <pcbpin number="1" name="1" style="r243_237" originx="-122.83464566929" originy="0" rotation="0" />
    <pcbpin number="2" name="2" style="r243_237" originx="122.83464566929" originy="0" rotation="0" />
    <line layer="TOP_ASSEMBLY" originx="-143.70078740157" originy="84.645669291338" endx="143.70078740157" endy="84.645669291338" width="7.8740157480314" />
    <line layer="TOP_ASSEMBLY" originx="143.70078740157" originy="84.645669291338" endx="143.70078740157" endy="-84.645669291338" width="7.8740157480314" />
    <line layer="TOP_ASSEMBLY" originx="143.70078740157" originy="-84.645669291338" endx="-143.70078740157" endy="-84.645669291338" width="7.8740157480314" />
    <line layer="TOP_ASSEMBLY" originx="-143.70078740157" originy="-84.645669291338" endx="-143.70078740157" endy="84.645669291338" width="7.8740157480314" />
    <line layer="TOP_SILKSCREEN" originx="-143.70078740157" originy="84.645669291338" endx="143.70078740157" endy="84.645669291338" width="3.9370078740157" />
    <line layer="TOP_SILKSCREEN" originx="143.70078740157" originy="-84.645669291338" endx="-143.70078740157" endy="-84.645669291338" width="3.9370078740157" />
    <arc layer="TOP_SILKSCREEN" originx="-185.82677165354" originy="0" startangle="180" sweepangle="180" radius="1.9685039370078" width="7.8740157480314" />
    <arc layer="TOP_SILKSCREEN" originx="-185.82677165354" originy="0" startangle="180" sweepangle="-180" radius="1.9685039370078" width="7.8740157480314" />
    <line layer="TOP_PLACE_BOUND" originx="-200.9842519685" originy="124.01574803149" endx="200.9842519685" endy="124.01574803149" width="1.9685039370079" />
    <line layer="TOP_PLACE_BOUND" originx="200.9842519685" originy="124.01574803149" endx="200.9842519685" endy="-124.01574803149" width="1.9685039370079" />
    <line layer="TOP_PLACE_BOUND" originx="200.9842519685" originy="-124.01574803149" endx="-200.9842519685" endy="-124.01574803149" width="1.9685039370079" />
    <line layer="TOP_PLACE_BOUND" originx="-200.9842519685" originy="-124.01574803149" endx="-200.9842519685" endy="124.01574803149" width="1.9685039370079" />
  </footprint>
  <symbol name="T491X107K020AT" originx="0" originy="0">
    <line originx="200" originy="100" endx="200" endy="-100" width="0" />
    <line originx="230" originy="-100" endx="200" endy="-100" width="0" />
    <line originx="230" originy="-100" endx="230" endy="100" width="0" />
    <line originx="200" originy="100" endx="230" endy="100" width="0" />
    <line originx="180" originy="50" endx="140" endy="50" width="0" />
    <line originx="160" originy="70" endx="160" endy="30" width="0" />
    <line originx="100" originy="0" endx="200" endy="0" width="0" />
    <line originx="300" originy="0" endx="400" endy="0" width="0" />
    <sympin number="1" originx="100" originy="0" rotation="180" length="100" width="7.8740157480315" flipped="False">
      <text name="pinname" originx="0" originy="-10" style="Default" rotation="0" justify="upperleft" flipped="False" hidden="True" data="+" />
      <text name="pindes" originx="0" originy="10" style="Default" rotation="0" justify="lowerleft" flipped="False" hidden="False" data="1" />
    </sympin>
    <sympin number="2" originx="400" originy="0" rotation="0" length="100" width="7.8740157480315" flipped="False">
      <text name="pinname" originx="500" originy="-10" style="Default" rotation="0" justify="upperright" flipped="False" hidden="True" data="-" />
      <text name="pindes" originx="500" originy="10" style="Default" rotation="0" justify="lowerright" flipped="False" hidden="False" data="2" />
    </sympin>
    <polygon type="polygon">
      <point x="300" y="100" />
      <point x="300" y="-100" />
      <point x="270" y="-100" />
      <point x="270" y="100" />
    </polygon>
  </symbol>
  <component name="T491X107K020AT" designatorprefix="C" height="169.29133858268" footprint="T491X">
    <comppin designator="1" sympin="1" pinswap="0" gateswap="0" gate="1" group="1" side="" type="Any" name="+" />
    <comppin designator="2" sympin="2" pinswap="0" gateswap="0" gate="1" group="1" side="" type="Any" name="-" />
    <attached_symbol gate="1" name="T491X107K020AT" />
    <pinmap designator="1" footprintpin="1" />
    <pinmap designator="2" footprintpin="2" />
    <text name="Datasheet" originx="0" originy="0" style="Default" rotation="0" justify="" flipped="False" hidden="True" data="https://content.kemet.com/datasheets/KEM_T2005_T491.pdf" />
    <text name="Description" originx="0" originy="0" style="Default" rotation="0" justify="" flipped="False" hidden="True" data="T491, Tantalum, MnO2 Tantalum, Commercial Grade, 100 uF, 10%, 20 VDC, 125C, -55C, 85C, SMD, MnO2, Molded, 8 % , 500 mOhms, 20 uA, 652.04 mg, 7343, 4mm, Height Max = 4.3mm, 500, 156  Weeks" />
    <text name="Mouser Part Number" originx="0" originy="0" style="Default" rotation="0" justify="" flipped="False" hidden="True" data="80-T491X107K020" />
    <text name="Mouser Price/Stock" originx="0" originy="0" style="Default" rotation="0" justify="" flipped="False" hidden="True" data="https://www.mouser.co.uk/ProductDetail/KEMET/T491X107K020AT?qs=4FCPi%2FOINq25IwmyiDVevg%3D%3D" />
    <text name="Manufacturer_Name" originx="0" originy="0" style="Default" rotation="0" justify="" flipped="False" hidden="True" data="KEMET" />
    <text name="Manufacturer_Part_Number" originx="350" originy="150" style="Default" rotation="0" justify="left" flipped="False" hidden="False" data="T491X107K020AT" />
  </component>
</quadcept_library>
