<?xml version="1.0" encoding="utf-8"?>
<!--/168065/1137589/2.50/3/3/Integrated Circuit/-->
<quadcept_library>
  <setting unit="mil" />
  <textstyle name="Default" height="47.244094488189" strokewidth="7.8740157480315" charwidth="47.244094488189" />
  <textstyle name="Dimension" height="19.6850393700787" strokewidth="0" charwidth="19.6850393700787" />
  <textstyle name="H127W0635TH00762" height="50" strokewidth="3" charwidth="25" />
  <textstyle name="H15W15TH02" height="59.0551181102362" strokewidth="7.8740157480315" charwidth="59.0551181102362" />
  <padstyle name="c199.5_h133" surface="False" plated="True" isvia="False" nopaste="True" nomask="True" complex="False" holesize="52.362204724409">
    <padshape layer="TOP" shape="round" width="78.543307086613" height="78.543307086613" />
    <padshape layer="TOP_SOLDER_MASK" shape="round" width="86.417322834645" height="86.417322834645" />
    <padshape layer="INNER" shape="round" width="78.543307086613" height="78.543307086613" />
    <padshape layer="BOTTOM" shape="round" width="78.543307086613" height="78.543307086613" />
    <padshape layer="BOTTOM_SOLDER_MASK" shape="round" width="86.417322834645" height="86.417322834645" />
  </padstyle>
  <padstyle name="s199.5_h133" surface="False" plated="True" isvia="False" nopaste="True" nomask="True" complex="False" holesize="52.362204724409">
    <padshape layer="TOP" shape="square" width="78.543307086613" height="78.543307086613" />
    <padshape layer="TOP_SOLDER_MASK" shape="square" width="86.417322834645" height="86.417322834645" />
    <padshape layer="INNER" shape="round" width="78.543307086613" height="78.543307086613" />
    <padshape layer="BOTTOM" shape="square" width="78.543307086613" height="78.543307086613" />
    <padshape layer="BOTTOM_SOLDER_MASK" shape="square" width="86.417322834645" height="86.417322834645" />
  </padstyle>
  <footprint name="TO254P457X1022X2266-3P" originx="0" originy="0" pickpointx="0" pickpointy="0">
    <pcbpin number="1" name="1" style="s199.5_h133" originx="0" originy="0" rotation="90" />
    <pcbpin number="2" name="2" style="c199.5_h133" originx="99.999999999999" originy="0" rotation="90" />
    <pcbpin number="3" name="3" style="c199.5_h133" originx="200" originy="0" rotation="90" />
    <line layer="TOP_PLACE_BOUND" originx="-117.32283464567" originy="136.33858267716" endx="317.36220472441" endy="136.33858267716" width="1.9685039370079" />
    <line layer="TOP_PLACE_BOUND" originx="317.36220472441" originy="136.33858267716" endx="317.36220472441" endy="-63.346456692913" width="1.9685039370079" />
    <line layer="TOP_PLACE_BOUND" originx="317.36220472441" originy="-63.346456692913" endx="-117.32283464567" endy="-63.346456692913" width="1.9685039370079" />
    <line layer="TOP_PLACE_BOUND" originx="-117.32283464567" originy="-63.346456692913" endx="-117.32283464567" endy="136.33858267716" width="1.9685039370079" />
    <line layer="TOP_ASSEMBLY" originx="-107.48031496063" originy="126.49606299212" endx="307.51968503937" endy="126.49606299212" width="3.9370078740157" />
    <line layer="TOP_ASSEMBLY" originx="307.51968503937" originy="126.49606299212" endx="307.51968503937" endy="-53.503937007873" width="3.9370078740157" />
    <line layer="TOP_ASSEMBLY" originx="307.51968503937" originy="-53.503937007873" endx="-107.48031496063" endy="-53.503937007873" width="3.9370078740157" />
    <line layer="TOP_ASSEMBLY" originx="-107.48031496063" originy="-53.503937007873" endx="-107.48031496063" endy="126.49606299212" width="3.9370078740157" />
    <line layer="TOP_ASSEMBLY" originx="-107.48031496063" originy="76.496062992125" endx="-57.480314960629" endy="126.49606299212" width="3.9370078740157" />
    <line layer="TOP_SILKSCREEN" originx="307.48031496063" originy="-53.503937007873" endx="307.48031496063" endy="126.49606299212" width="7.8740157480314" />
    <line layer="TOP_SILKSCREEN" originx="307.48031496063" originy="126.49606299212" endx="-107.48031496063" endy="126.49606299212" width="7.8740157480314" />
    <line layer="TOP_SILKSCREEN" originx="-107.48031496063" originy="126.49606299212" endx="-107.48031496063" endy="0" width="7.8740157480314" />
  </footprint>
  <symbol name="LT1085CT#PBF" originx="0" originy="0">
    <line originx="200" originy="100" endx="700" endy="100" width="0" />
    <line originx="700" originy="-300" endx="700" endy="100" width="0" />
    <line originx="700" originy="-300" endx="200" endy="-300" width="0" />
    <line originx="200" originy="100" endx="200" endy="-300" width="0" />
    <sympin number="1" originx="200" originy="0" rotation="180" length="100" width="7.8740157480315" flipped="False">
      <text name="pinname" originx="230" originy="0" style="Default" rotation="0" justify="left" flipped="False" hidden="False" data="ADJ" />
      <text name="pindes" originx="140" originy="20" style="Default" rotation="0" justify="lowerright" flipped="False" hidden="False" data="1" />
    </sympin>
    <sympin number="2" originx="200" originy="-100" rotation="180" length="100" width="7.8740157480315" flipped="False">
      <text name="pinname" originx="230" originy="-100" style="Default" rotation="0" justify="left" flipped="False" hidden="False" data="VOUT" />
      <text name="pindes" originx="140" originy="-80" style="Default" rotation="0" justify="lowerright" flipped="False" hidden="False" data="2" />
    </sympin>
    <sympin number="3" originx="200" originy="-200" rotation="180" length="100" width="7.8740157480315" flipped="False">
      <text name="pinname" originx="230" originy="-200" style="Default" rotation="0" justify="left" flipped="False" hidden="False" data="VIN" />
      <text name="pindes" originx="140" originy="-180" style="Default" rotation="0" justify="lowerright" flipped="False" hidden="False" data="3" />
    </sympin>
  </symbol>
  <component name="LT1085CT#PBF" designatorprefix="IC" height="180" footprint="TO254P457X1022X2266-3P">
    <comppin designator="1" sympin="1" pinswap="0" gateswap="0" gate="1" group="1" side="" type="Any" name="ADJ" />
    <comppin designator="2" sympin="2" pinswap="0" gateswap="0" gate="1" group="1" side="" type="Any" name="VOUT" />
    <comppin designator="3" sympin="3" pinswap="0" gateswap="0" gate="1" group="1" side="" type="Any" name="VIN" />
    <attached_symbol gate="1" name="LT1085CT#PBF" />
    <pinmap designator="1" footprintpin="1" />
    <pinmap designator="2" footprintpin="2" />
    <pinmap designator="3" footprintpin="3" />
    <text name="Datasheet" originx="0" originy="0" style="Default" rotation="0" justify="" flipped="False" hidden="True" data="https://www.analog.com/media/en/technical-documentation/data-sheets/108345fh.pdf" />
    <text name="Description" originx="0" originy="0" style="Default" rotation="0" justify="" flipped="False" hidden="True" data="7.5A, 5A, 3A Low Dropout Positive Adjustable Regulators" />
    <text name="Mouser Part Number" originx="0" originy="0" style="Default" rotation="0" justify="" flipped="False" hidden="True" data="584-LT1085CT#PBF" />
    <text name="Mouser Price/Stock" originx="0" originy="0" style="Default" rotation="0" justify="" flipped="False" hidden="True" data="https://www.mouser.co.uk/ProductDetail/Analog-Devices/LT1085CTPBF?qs=ytflclh7QUXalLZ4BazhMA%3D%3D" />
    <text name="Manufacturer_Name" originx="0" originy="0" style="Default" rotation="0" justify="" flipped="False" hidden="True" data="Analog Devices" />
    <text name="Manufacturer_Part_Number" originx="750" originy="200" style="Default" rotation="0" justify="left" flipped="False" hidden="False" data="LT1085CT#PBF" />
  </component>
</quadcept_library>
